Product,Intercept,Sensitivity,Capacity
Line 1 Product 1,35234.54578551236,-45.89644971,80020
Line 1 Product 2,37790.24083213697,-8.227794173,89666
Line 1 Product 3,35675.33321725772,-7.58443641,80638
Line 2 Product 1,37041.38037789026,-9.033166404,86740
Line 2 Product 2,36846.140385916624,-4.427869206,84050
Line 2 Product 3,35827.02374655415,-2.629060015,86565
Line 3 Product 1,39414.26632,-2.421483918,87051
Line 3 Product 2,35991.95146021763,-4.000512401,85156
Line 3 Product 3,39313.31703125227,-2.296622373,87588