TransshipmentHub,RefinementCenter,Cost
1,1,1.5723285102511508
1,2,3.465473956167708
1,3,2.2440622480675154
1,4,3.773839152270214
1,5,3.262651798567284
2,1,1.9004245214843398
2,2,1.6131231982898153
2,3,1.7072324080263828
2,4,2.705395683206701
2,5,2.257428421003834
